{
  "Ansi 5 Color" : {
    "Green Component" : 0.24860576820961103,
    "Red Component" : 0.35107425494608224,
    "Blue Component" : 0.49609375
  },
  "Tags" : [

  ],
  "Ansi 12 Color" : {
    "Green Component" : 0.52792046065842757,
    "Red Component" : 0.55827795068441244,
    "Blue Component" : 0.87653259569377995
  },
  "Link Color" : {
    "Red Component" : 0,
    "Color Space" : "sRGB",
    "Blue Component" : 0.73423302173614502,
    "Alpha Component" : 1,
    "Green Component" : 0.35916060209274292
  },
  "Ansi 7 Color" : {
    "Green Component" : 0.43137254901960786,
    "Red Component" : 0.45098039215686275,
    "Blue Component" : 0.49019607843137253
  },
  "Bold Color" : {
    "Green Component" : 0.56862745098039214,
    "Red Component" : 0.5490196078431373,
    "Blue Component" : 0.98039215686274506
  },
  "Ansi 8 Color" : {
    "Green Component" : 0.1764705882352941,
    "Red Component" : 0.21568627450980393,
    "Blue Component" : 0.27450980392156865
  },
  "Ansi 9 Color" : {
    "Green Component" : 0.31758252030419148,
    "Red Component" : 0.87685032894736836,
    "Blue Component" : 0.40323285725362124
  },
  "Guid" : "0491527A-AE1E-40EF-BFCB-1DAB7679200B",
  "Rows" : 200,
  "Default Bookmark" : "No",
  "Allow Title Reporting" : false,
  "Automatically Log" : false,
  "Cursor Guide Color" : {
    "Red Component" : 0.70213186740875244,
    "Color Space" : "sRGB",
    "Blue Component" : 1,
    "Alpha Component" : 0.25,
    "Green Component" : 0.9268307089805603
  },
  "Non-ASCII Anti Aliased" : true,
  "Use Bright Bold" : true,
  "Ansi 10 Color" : {
    "Green Component" : 0.8788127990430622,
    "Red Component" : 0.3218484264550589,
    "Blue Component" : 0.76925387631723974
  },
  "Ambiguous Double Width" : false,
  "Jobs to Ignore" : [
    "rlogin",
    "ssh",
    "slogin",
    "telnet"
  ],
  "Ansi 15 Color" : {
    "Green Component" : 0.56862745098039214,
    "Red Component" : 0.5490196078431373,
    "Blue Component" : 0.98039215686274506
  },
  "Foreground Color" : {
    "Green Component" : 0.43137254901960786,
    "Red Component" : 0.45098039215686275,
    "Blue Component" : 0.49019607843137253
  },
  "Working Directory" : "~\/Dropbox\/github",
  "Use Tab Color" : false,
  "Blinking Cursor" : false,
  "Space" : 0,
  "Sync Title" : false,
  "Prompt Before Closing 2" : false,
  "BM Growl" : true,
  "Mouse Reporting" : true,
  "Command" : "",
  "Description" : "Default",
  "Disable Window Resizing" : true,
  "Screen" : -2,
  "Selection Color" : {
    "Green Component" : 0.19607843137254902,
    "Red Component" : 0.21568627450980393,
    "Blue Component" : 0.23529411764705882
  },
  "Columns" : 80,
  "Idle Code" : 0,
  "Ansi 13 Color" : {
    "Green Component" : 0.46241456140403348,
    "Red Component" : 0.65407728341040461,
    "Blue Component" : 0.87675687799043067
  },
  "Custom Command" : "No",
  "ASCII Anti Aliased" : true,
  "Non Ascii Font" : "Monaco 12",
  "Vertical Spacing" : 1,
  "Use Bold Font" : true,
  "Option Key Sends" : 0,
  "Selected Text Color" : {
    "Green Component" : 0.56862745098039214,
    "Red Component" : 0.5490196078431373,
    "Blue Component" : 0.98039215686274506
  },
  "Background Color" : {
    "Green Component" : 0,
    "Red Component" : 0.019607843137254902,
    "Blue Component" : 0.078431372549019607
  },
  "Character Encoding" : 4,
  "Ansi 11 Color" : {
    "Green Component" : 0.76399977571596933,
    "Red Component" : 0.87965385765550241,
    "Blue Component" : 0.52715562425255924
  },
  "Thin Strokes" : 0,
  "Use Italic Font" : true,
  "Unlimited Scrollback" : true,
  "Keyboard Map" : {
    "0xf700-0x260000" : {
      "Text" : "[1;6A",
      "Action" : 10
    },
    "0x37-0x40000" : {
      "Text" : "0x1f",
      "Action" : 11
    },
    "0x32-0x40000" : {
      "Text" : "0x00",
      "Action" : 11
    },
    "0xf709-0x20000" : {
      "Text" : "[17;2~",
      "Action" : 10
    },
    "0xf70c-0x20000" : {
      "Text" : "[20;2~",
      "Action" : 10
    },
    "0xf729-0x20000" : {
      "Text" : "[1;2H",
      "Action" : 10
    },
    "0xf72b-0x40000" : {
      "Text" : "[1;5F",
      "Action" : 10
    },
    "0xf705-0x20000" : {
      "Text" : "[1;2Q",
      "Action" : 10
    },
    "0xf703-0x260000" : {
      "Text" : "[1;6C",
      "Action" : 10
    },
    "0xf700-0x220000" : {
      "Text" : "[1;2A",
      "Action" : 10
    },
    "0xf701-0x280000" : {
      "Text" : "0x1b 0x1b 0x5b 0x42",
      "Action" : 11
    },
    "0x38-0x40000" : {
      "Text" : "0x7f",
      "Action" : 11
    },
    "0x33-0x40000" : {
      "Text" : "0x1b",
      "Action" : 11
    },
    "0xf703-0x220000" : {
      "Text" : "[1;2C",
      "Action" : 10
    },
    "0xf701-0x240000" : {
      "Text" : "[1;5B",
      "Action" : 10
    },
    "0xf70d-0x20000" : {
      "Text" : "[21;2~",
      "Action" : 10
    },
    "0xf702-0x260000" : {
      "Text" : "[1;6D",
      "Action" : 10
    },
    "0xf729-0x40000" : {
      "Text" : "[1;5H",
      "Action" : 10
    },
    "0xf706-0x20000" : {
      "Text" : "[1;2R",
      "Action" : 10
    },
    "0x34-0x40000" : {
      "Text" : "0x1c",
      "Action" : 11
    },
    "0xf700-0x280000" : {
      "Text" : "0x1b 0x1b 0x5b 0x41",
      "Action" : 11
    },
    "0x2d-0x40000" : {
      "Text" : "0x1f",
      "Action" : 11
    },
    "0xf70e-0x20000" : {
      "Text" : "[23;2~",
      "Action" : 10
    },
    "0xf702-0x220000" : {
      "Text" : "[1;2D",
      "Action" : 10
    },
    "0xf703-0x280000" : {
      "Text" : "0x1b 0x1b 0x5b 0x43",
      "Action" : 11
    },
    "0xf700-0x240000" : {
      "Text" : "[1;5A",
      "Action" : 10
    },
    "0xf707-0x20000" : {
      "Text" : "[1;2S",
      "Action" : 10
    },
    "0xf70a-0x20000" : {
      "Text" : "[18;2~",
      "Action" : 10
    },
    "0x35-0x40000" : {
      "Text" : "0x1d",
      "Action" : 11
    },
    "0xf70f-0x20000" : {
      "Text" : "[24;2~",
      "Action" : 10
    },
    "0xf703-0x240000" : {
      "Text" : "[1;5C",
      "Action" : 10
    },
    "0xf701-0x260000" : {
      "Text" : "[1;6B",
      "Action" : 10
    },
    "0xf702-0x280000" : {
      "Text" : "0x1b 0x1b 0x5b 0x44",
      "Action" : 11
    },
    "0xf72b-0x20000" : {
      "Text" : "[1;2F",
      "Action" : 10
    },
    "0x36-0x40000" : {
      "Text" : "0x1e",
      "Action" : 11
    },
    "0xf708-0x20000" : {
      "Text" : "[15;2~",
      "Action" : 10
    },
    "0xf701-0x220000" : {
      "Text" : "[1;2B",
      "Action" : 10
    },
    "0xf70b-0x20000" : {
      "Text" : "[19;2~",
      "Action" : 10
    },
    "0xf702-0x240000" : {
      "Text" : "[1;5D",
      "Action" : 10
    },
    "0xf704-0x20000" : {
      "Text" : "[1;2P",
      "Action" : 10
    }
  },
  "Window Type" : 7,
  "Use HFS Plus Mapping" : false,
  "Cursor Type" : 0,
  "Initial Text" : "",
  "Background Image Location" : "",
  "Blur" : false,
  "Badge Color" : {
    "Red Component" : 1,
    "Color Space" : "sRGB",
    "Blue Component" : 0,
    "Alpha Component" : 0.5,
    "Green Component" : 0.1491314172744751
  },
  "Scrollback Lines" : 0,
  "Send Code When Idle" : false,
  "Close Sessions On End" : true,
  "Terminal Type" : "xterm-256color",
  "Visual Bell" : true,
  "Flashing Bell" : false,
  "Silence Bell" : false,
  "Ansi 14 Color" : {
    "Green Component" : 0.83062872582568681,
    "Red Component" : 0.60493076511490018,
    "Blue Component" : 0.87742972488038273
  },
  "Name" : "Default",
  "Cursor Text Color" : {
    "Green Component" : 0,
    "Red Component" : 0.019607843137254902,
    "Blue Component" : 0.078431372549019607
  },
  "Minimum Contrast" : 0,
  "Shortcut" : "",
  "Cursor Color" : {
    "Green Component" : 0.56862745098039214,
    "Red Component" : 0.5490196078431373,
    "Blue Component" : 0.98039215686274506
  },
  "Transparency" : 0,
  "Ansi 1 Color" : {
    "Green Component" : 0.085201844573020935,
    "Red Component" : 0.48953184485435486,
    "Blue Component" : 0.14547310769557953
  },
  "Horizontal Spacing" : 1,